devicecode,Level1,Level2,Level3,Level4,Weighted,sbbm,Color
30M00000052034716,新疆,750kV,750kV三塘湖变电站,71512 电抗器A相,1,30M00000052034716,34
30M00000039596413,新疆,750kV,750kV五彩湾变电站,3#C相主变压器,1,30M00000039596413,34
30M00000037657160,新疆,750kV,750kV吐鲁番变电站,70914A相高压电抗器,1,30M00000037657160,34
30M00000038785726,新疆,750kV,750kV达坂城变电站,7144B相电抗器,1,30M00000038785726,34
30M00000038785495,新疆,750kV,750kV达坂城变电站,2#B相主变压器,1,30M00000038785495,34
30M00000038785727,新疆,750kV,750kV达坂城变电站,7144C相电抗器,1,30M00000038785727,34
30M00000042048972,新疆,750kV,750kV亚中变电站,3#A相主变压器,1,30M00000042048972,34
30M00000042724945,新疆,750kV,750kV哈密变电站,2#A相主变压器,1,30M00000042724945,34
30M00000038785575,新疆,750kV,750kV达坂城变电站,2#C相主变压器,1,30M00000038785575,34
30M00000039172462,新疆,750kV,750kV库车变电站,2#A相主变压器,1,30M00000039172462,34
30M00000039172480,新疆,750kV,750kV库车变电站,2#B相主变压器,1,30M00000039172480,34
30M00000039172514,新疆,750kV,750kV库车变电站,7149C相电抗器,1,30M00000039172514,34
30M00000058587054,新疆,750kV,750kV乌苏变电站,1#主变压器A相,1,30M00000058587054,34
30M00000039159393,新疆,750kV,750kV乌北变电站,7141B相电抗器,1,30M00000039159393,34
30M00000037657600,新疆,750kV,750kV吐鲁番变电站,70914C相高压电抗器,1,30M00000037657600,34
30M00000039159413,新疆,750kV,750kV乌北变电站,7141C相电抗器,1,30M00000039159413,34
30M00000042714914,新疆,750kV,750kV库车变电站,7157高压电抗器B相电抗器,1,30M00000042714914,34
30M00000042714896,新疆,750kV,750kV库车变电站,7157高压电抗器C相电抗器,1,30M00000042714896,34
30M00000051929301,新疆,750kV,750kV烟墩变电站,3#主变压器C相,1,30M00000051929301,34
30M00000042715332,新疆,750kV,750kV阿克苏变电站,1#B相主变压器,1,30M00000042715332,34
30M00000042715361,新疆,750kV,750kV阿克苏变电站,阿克苏7158A相电抗器,1,30M00000042715361,34
30M00000042715340,新疆,750kV,750kV阿克苏变电站,阿克苏7158B相电抗器,1,30M00000042715340,34
30M00000051929258,新疆,750kV,750kV烟墩变电站,1#主变压器A相,1,30M00000051929258,34
30M00000058347160,新疆,750kV,750kV芨芨湖变电站,1#主变压器B相,1,30M00000058347160,34
30M00000058347279,新疆,750kV,750kV芨芨湖变电站,71512电抗器A相,1,30M00000058347279,34
30M00000042715255,新疆,750kV,750kV巴楚变电站,巴楚7158B相电抗器,1,30M00000042715255,34
30M00000058347793,新疆,750kV,750kV五彩湾变电站,71511电抗器A相,1,30M00000058347793,34
30M00000051976739,新疆,750kV,750kV喀什变电站,2#主变压器A相,1,30M00000051976739,34
30M00000051976744,新疆,750kV,750kV喀什变电站,2#主变压器C相,1,30M00000051976744,34
30M00000058347329,新疆,750kV,750kV芨芨湖变电站,71513电抗器B相,1,30M00000058347329,34
30M00000058347338,新疆,750kV,750kV芨芨湖变电站,71510电抗器B相,1,30M00000058347338,34
30M00000042725067,新疆,750kV,750kV哈密变电站,2#B相主变压器,1,30M00000042725067,34
30M00000058347332,新疆,750kV,750kV芨芨湖变电站,71513电抗器C相,1,30M00000058347332,34
30M00000039596342,新疆,750kV,750kV乌北变电站,71414B相电抗器,1,30M00000039596342,34
30M00000058587046,新疆,750kV,750kV乌苏变电站,1#主变压器B相,1,30M00000058587046,34
30M00000042626033,新疆,750kV,750kV吐鲁番变电站,1#B相主变压器,1,30M00000042626033,34
30M00000039159425,新疆,750kV,750kV吐鲁番变电站,70911A相电抗器,1,30M00000039159425,34
30M00000039159430,新疆,750kV,750kV吐鲁番变电站,70911B相电抗器,1,30M00000039159430,34
30M00000058347162,新疆,750kV,750kV芨芨湖变电站,1#主变压器C相,1,30M00000058347162,34
30M00000058347284,新疆,750kV,750kV芨芨湖变电站,71512电抗器C相,1,30M00000058347284,34
30M00000038785690,新疆,750kV,750kV达坂城变电站,7144A相电抗器,1,30M00000038785690,34
30M00000057568879,新疆,750kV,750kV哈密变电站,71514哈塘一线高压电抗器C相,1,30M00000057568879,34
30M00000039159400,新疆,750kV,750kV乌北变电站,7141A相电抗器,1,30M00000039159400,34
30M00000042715328,新疆,750kV,750kV巴楚变电站,巴楚7159C相电抗器,1,30M00000042715328,34
30M00000039125539,新疆,750kV,750kV巴州变电站,7149A相电抗器,1,30M00000039125539,34
30M00000042714893,新疆,750kV,750kV库车变电站,7157高压电抗器A相电抗器,1,30M00000042714893,34
30M00000058348086,新疆,750kV,750kV五彩湾变电站,71511电抗器C相,1,30M00000058348086,34
30M00000042715210,新疆,750kV,750kV巴楚变电站,巴楚7158A相电抗器,1,30M00000042715210,34
30M00000058347148,新疆,750kV,750kV芨芨湖变电站,1#主变压器A相,1,30M00000058347148,34
30M00000039596398,新疆,750kV,750kV五彩湾变电站,2#C相主变压器,1,30M00000039596398,34
30M00000042625893,新疆,750kV,750kV吐鲁番变电站,1#A相主变压器,1,30M00000042625893,34
30M00000039596338,新疆,750kV,750kV乌北变电站,71414A相电抗器,1,30M00000039596338,34
30M00000042715356,新疆,750kV,750kV阿克苏变电站,阿克苏7157A相电抗器,1,30M00000042715356,34
30M00000042715336,新疆,750kV,750kV阿克苏变电站,阿克苏7157B相电抗器,1,30M00000042715336,34
30M00000042715364,新疆,750kV,750kV阿克苏变电站,阿克苏7158C相电抗器,1,30M00000042715364,34
30M00000042049046,新疆,750kV,750kV亚中变电站,3#C相主变压器,1,30M00000042049046,34
30M00000036705316,新疆,750kV,750kV乌北变电站,2#A相主变压器,1,30M00000036705316,34
30M00000036705738,新疆,750kV,750kV乌北变电站,2#B相主变压器,1,30M00000036705738,34
30M00000024003155,新疆,750kV,750kV乌北变电站,70912A相电抗器,1,30M00000024003155,34
30M00000024003178,新疆,750kV,750kV吐鲁番变电站,2#A相主变压器,1,30M00000024003178,34
30M00000024003201,新疆,750kV,750kV凤凰变电站,2#C相主变压器,1,30M00000024003201,34
30M00000024003156,新疆,750kV,750kV乌北变电站,70912B相电抗器,1,30M00000024003156,34
30M00000024003158,新疆,750kV,750kV乌北变电站,1#A相主变压器,1,30M00000024003158,34
30M00000024003160,新疆,750kV,750kV乌北变电站,1#B相主变压器,1,30M00000024003160,34
30M00000024003177,新疆,750kV,750kV吐鲁番变电站,71015 C相高压电抗器,1,30M00000024003177,34
30M00000024003170,新疆,750kV,750kV吐鲁番变电站,70913 B相高压电抗器,1,30M00000024003170,34
30M00000024003196,新疆,750kV,750kV哈密变电站,1#B相主变压器,1,30M00000024003196,34
30M00000024003199,新疆,750kV,750kV凤凰变电站,2#A相主变压器,1,30M00000024003199,34
30M00000036183599,新疆,750kV,750kV伊犁变电站,2#B相主变压器,1,30M00000036183599,34
30M00000036265432,新疆,750kV,750kV凤凰变电站,凤苏线高压A相电抗器,1,30M00000036265432,34
30M00000036265460,新疆,750kV,750kV凤凰变电站,凤苏线高压B相电抗器,1,30M00000036265460,34
30M00000036265449,新疆,750kV,750kV凤凰变电站,凤苏线高压C相电抗器,1,30M00000036265449,34
30M00000036435598,新疆,750kV,750kV凤凰变电站,1#C相主变压器,1,30M00000036435598,34
30M00000024003189,新疆,750kV,750kV哈密变电站,哈敦一线A高压电抗器,1,30M00000024003189,34
30M00000024003191,新疆,750kV,750kV哈密变电站,哈敦一线C高压电抗器,1,30M00000024003191,34
30M00000024003192,新疆,750kV,750kV哈密变电站,哈敦二线A高压电抗器,1,30M00000024003192,34
30M00000024003193,新疆,750kV,750kV哈密变电站,哈敦二线B高压电抗器,1,30M00000024003193,34
30M00000024003195,新疆,750kV,750kV哈密变电站,1#A相主变压器,1,30M00000024003195,34
30M00000024003203,新疆,750kV,750kV凤凰变电站,凤乌线B相高压电抗器,1,30M00000024003203,34
30M00000024003207,新疆,750kV,750kV巴州变电站,2#B相主变压器,1,30M00000024003207,34
30M00000024003208,新疆,750kV,750kV巴州变电站,2#C相主变压器,1,30M00000024003208,34
30M00000024003209,新疆,750kV,750kV巴州变电站,巴吐二线A相电抗器,1,30M00000024003209,34
30M00000024003190,新疆,750kV,750kV哈密变电站,哈敦一线B高压电抗器,1,30M00000024003190,34
30M00000024003194,新疆,750kV,750kV哈密变电站,哈敦二线C高压电抗器,1,30M00000024003194,34
30M00000036435571,新疆,750kV,750kV凤凰变电站,1#B相主变压器,1,30M00000036435571,34
30M00000024003183,新疆,750kV,750kV哈密变电站,哈吐一线A高压电抗器,1,30M00000024003183,34
30M00000024003185,新疆,750kV,750kV哈密变电站,哈吐一线C高压电抗器,1,30M00000024003185,34
30M00000024003188,新疆,750kV,750kV哈密变电站,哈吐二线C高压电抗器,1,30M00000024003188,34
30M00000024003184,新疆,750kV,750kV哈密变电站,哈吐一线B高压电抗器,1,30M00000024003184,34
30M00000024003204,新疆,750kV,750kV凤凰变电站,凤乌线C相高压电抗器,1,30M00000024003204,34
30M00000024003186,新疆,750kV,750kV哈密变电站,哈吐二线A高压电抗器,1,30M00000024003186,34
30M00000036476518,新疆,750kV,750kV烟墩变电站,2#A相主变压器,1,30M00000036476518,34
30M00000036476510,新疆,750kV,750kV烟墩变电站,2#B相主变压器,1,30M00000036476510,34
30M00000036476522,新疆,750kV,750kV烟墩变电站,2#C相主变压器,1,30M00000036476522,34
30M00000024003159,新疆,750kV,750kV乌北变电站,1#C相主变压器,1,30M00000024003159,34
30M00000024003169,新疆,750kV,750kV吐鲁番变电站,70913 A相高压电抗器,1,30M00000024003169,34
30M00000036466974,新疆,750kV,750kV乌苏变电站,苏伊线A相电抗器,1,30M00000036466974,34
30M00000036476468,新疆,750kV,750kV烟墩变电站,烟沙一线A相高压电抗器,1,30M00000036476468,34
30M00000036476502,新疆,750kV,750kV烟墩变电站,烟沙二线B相高压电抗器,1,30M00000036476502,34
30M00000036183454,新疆,750kV,750kV伊犁变电站,7121A相电抗器,1,30M00000036183454,34
30M00000036183482,新疆,750kV,750kV伊犁变电站,7121C相电抗器,1,30M00000036183482,34
30M00000039159444,新疆,750kV,750kV吐鲁番变电站,70911C相电抗器,1,30M00000039159444,34
30M00000042049066,新疆,750kV,750kV亚中变电站,7143A相电抗器,1,30M00000042049066,34
30M00000037658437,新疆,750kV,750kV吐鲁番变电站,70912 B相高压电抗器,1,30M00000037658437,34
30M00000037658447,新疆,750kV,750kV吐鲁番变电站,70912 C相高压电抗器,1,30M00000037658447,34
30M00000036476482,新疆,750kV,750kV烟墩变电站,烟沙一线C相高压电抗器,1,30M00000036476482,34
30M00000037658272,新疆,750kV,750kV吐鲁番变电站,70912 A相高压电抗器,1,30M00000037658272,34
30M00000042049050,新疆,750kV,750kV亚中变电站,7143B相电抗器,1,30M00000042049050,34
30M00000038785410,新疆,750kV,750kV达坂城变电站,2#A相主变压器,1,30M00000038785410,34
30M00000037657255,新疆,750kV,750kV吐鲁番变电站,70914B相高压电抗器,1,30M00000037657255,34
30M00000042715209,新疆,750kV,750kV巴楚变电站,巴楚7159B相电抗器,1,30M00000042715209,34
28M00000804488200,青海,330kV,花园变电站,#3主变压器,1,28M00000804488200,30
28M00000804490294,青海,750kV,日月山变电站,#2C相主变压器,1,28M00000804490294,30
28M00000803583601,青海,750kV,日月山变电站,月海Ⅰ线A相电抗器,1,28M00000803583601,30
28M00000803583618,青海,750kV,日月山变电站,月海Ⅰ线B相电抗器,1,28M00000803583618,30
28M00000012959529,青海,330kV,花土沟变电站,#3高压电抗器A相,1,28M00000012959529,30
28M00000012959926,青海,330kV,花土沟变电站,#3高压电抗器B相,1,28M00000012959926,30
28M00000012959929,青海,330kV,花土沟变电站,#3高压电抗器C相,1,28M00000012959929,30
28M00000012959547,青海,330kV,花土沟变电站,#2主变压器,1,28M00000012959547,30
28M00000803583672,青海,330kV,花园变电站,#1主变压器,1,28M00000803583672,30
28M00000803583661,青海,330kV,330kV那林格变电站,#1主变压器,1,28M00000803583661,30
28M00000804609618,青海,330kV,达坂变电站,#1主变压器,1,28M00000804609618,30
28M00000804481917,青海,330kV,唐乃亥变电站,#2高压A相电抗器,1,28M00000804481917,30
28M00000803583637,青海,330kV,330kV盐湖变电站,#1主变压器,1,28M00000803583637,30
28M00000803583659,青海,330kV,330kV盐湖变电站,#2主变压器,1,28M00000803583659,30
28M00000804481904,青海,330kV,唐乃亥变电站,#1主变压器,1,28M00000804481904,30
28M00000804481901,青海,330kV,唐乃亥变电站,#1高压A相电抗器,1,28M00000804481901,30
28M00000804481923,青海,330kV,唐乃亥变电站,#1高压B相电抗器,1,28M00000804481923,30
28M00000804902663,青海,330kV,明珠变电站,#1主变压器,1,28M00000804902663,30
28M00000804902646,青海,330kV,明珠变电站,#2主变压器,1,28M00000804902646,30
28M00000804199627,青海,330kV,330kV瀚海变,#3主变压器,1,28M00000804199627,30
28M00000803601867,青海,330kV,330kV那林格变电站,#1高压并联A相电抗器,1,28M00000803601867,30
28M00000803601872,青海,330kV,330kV那林格变电站,#1高压并联B相电抗器,1,28M00000803601872,30
28M00000805117456,青海,330kV,杏园变电站,#1主变压器,1,28M00000805117456,30
28M00000805117500,青海,330kV,杏园变电站,#2主变压器,1,28M00000805117500,30
28M00000805226222,青海,330kV,那林格变电站,#2A相电抗器,1,28M00000805226222,30
28M00000805226236,青海,330kV,那林格变电站,#2B相电抗器,1,28M00000805226236,30
28M00000805226238,青海,330kV,那林格变电站,#2C相电抗器,1,28M00000805226238,30
28M00000804020754,青海,330kV,康城330kV变电站,#2主变压器,1,28M00000804020754,30
28M00000804476926,青海,330kV,阿兰变电站,#2主变压器,1,28M00000804476926,30
28M00000803601882,青海,330kV,330kV那林格变电站,#1高压并联C相电抗器,1,28M00000803601882,30
28M00000012188778,青海,330kV,绿梁山变电站,#3主变压器,1,28M00000012188778,30
28M00000804212862,青海,330kV,圣湖330kV变电站,#2主变压器,1,28M00000804212862,30
28M00000804212899,青海,330kV,圣湖330kV变电站,#3主变压器,1,28M00000804212899,30
28M00000804214422,青海,330kV,丁香330kV变电站,#1主变压器,1,28M00000804214422,30
28M00000804214445,青海,330kV,丁香330kV变电站,#2主变压器,1,28M00000804214445,30
28M00000804214915,青海,330kV,湟源变电站,#1主变压器,1,28M00000804214915,30
28M00000804214908,青海,330kV,湟源变电站,#2主变压器,1,28M00000804214908,30
28M00000804214910,青海,330kV,湟源变电站,#3主变压器,1,28M00000804214910,30
28M00000804217461,青海,330kV,杨乐330kV变电站,330kV#1主变压器,1,28M00000804217461,30
28M00000804217444,青海,330kV,杨乐330kV变电站,330kV#2主变压器,1,28M00000804217444,30
28M00000804270486,青海,330kV,大石门330kV变电站,#1主变压器,1,28M00000804270486,30
28M00000804270488,青海,330kV,大石门330kV变电站,#2主变压器,1,28M00000804270488,30
28M00000804270505,青海,330kV,大石门330kV变电站,#3主变压器,1,28M00000804270505,30
28M00000804270507,青海,330kV,大石门330kV变电站,#4主变压器,1,28M00000804270507,30
28M00000803583620,青海,750kV,日月山变电站,月海Ⅰ线C相电抗器,1,28M00000803583620,30
28M00000803583606,青海,750kV,日月山变电站,月海Ⅱ线B相电抗器,1,28M00000803583606,30
28M00000803583608,青海,750kV,日月山变电站,月海Ⅱ线C相电抗器,1,28M00000803583608,30
28M00000803583622,青海,750kV,日月山变电站,月海Ⅱ线A相电抗器,1,28M00000803583622,30
28M00000804198536,青海,750kV,柴达木换流变电站,750kV#2主变C相主变压器,1,28M00000804198536,30
28M00000804198530,青海,750kV,柴达木换流变电站,柴海I线线路高压C相电抗器,1,28M00000804198530,30
28M00000804198548,青海,750kV,柴达木换流变电站,柴海II线线路高压A相电抗器,1,28M00000804198548,30
28M00000804198551,青海,750kV,柴达木换流变电站,柴海II线线路高压B相电抗器,1,28M00000804198551,30
28M00000804198553,青海,750kV,柴达木换流变电站,柴海II线线路高压C相电抗器,1,28M00000804198553,30
28M00000804198559,青海,750kV,柴达木换流变电站,柴鱼Ⅰ线线路高压A相电抗器,1,28M00000804198559,30
28M00000804198561,青海,750kV,柴达木换流变电站,柴鱼Ⅰ线线路高压B相电抗器,1,28M00000804198561,30
28M00000804198563,青海,750kV,柴达木换流变电站,柴鱼Ⅰ线线路高压C相电抗器,1,28M00000804198563,30
28M00000804198564,青海,750kV,柴达木换流变电站,柴鱼Ⅱ线线路高压A相电抗器,1,28M00000804198564,30
28M00000804198568,青海,750kV,柴达木换流变电站,柴鱼Ⅱ线线路高压C相电抗器,1,28M00000804198568,30
28M00000805227751,青海,750kV,官亭变电站,#3B相电抗器,1,28M00000805227751,30
28M00000805227753,青海,750kV,官亭变电站,#3C相电抗器,1,28M00000805227753,30
28M00000804198566,青海,750kV,柴达木换流变电站,柴鱼Ⅱ线线路高压B相电抗器,1,28M00000804198566,30
28M00000804198543,青海,750kV,柴达木换流变电站,柴海I线线路高压A相电抗器,1,28M00000804198543,30
28M00000804482222,青海,750kV,柴达木换流变电站,#1A相主变压器,1,28M00000804482222,30
28M00000804482340,青海,750kV,柴达木换流变电站,#1B相主变压器,1,28M00000804482340,30
28M00000804482366,青海,750kV,柴达木换流变电站,#1C相主变压器,1,28M00000804482366,30
28M00000804481925,青海,330kV,唐乃亥变电站,#1高压C相电抗器,1,28M00000804481925,30
28M00000804481929,青海,330kV,唐乃亥变电站,#2高压B相电抗器,1,28M00000804481929,30
28M00000804481919,青海,330kV,唐乃亥变电站,#2高压C相电抗器,1,28M00000804481919,30
27M00000018874193,甘肃,330kV,330kV先锋变电站,3号主变压器,1,27M00000018874193,18
27M00000019301174,甘肃,330kV,330kV瓜州变电站,2号主变压器,1,27M00000019301174,18
27M00000018872119,甘肃,330kV,330kV永登变电站,3#主变,1,27M00000018872119,18
27M00000018874207,甘肃,330kV,330kV先锋变电站,2号主变压器,1,27M00000018874207,18
27M00000019298551,甘肃,330kV,330kV张掖变电站,1号电抗器,1,27M00000019298551,18
27M00000019298554,甘肃,330kV,330kV张掖变电站,1号电抗器,1,27M00000019298554,18
27M00000019252621,甘肃,330kV,330KV卧龙川变,2号主变压器,1,27M00000019252621,18
27M00000019001445,甘肃,330kV,330kV绿源变电站,3号主变,1,27M00000019001445,18
27M00000018872099,甘肃,330kV,330kV永登变电站,1#主变,1,27M00000018872099,18
27M00000018873499,甘肃,330kV,330kV兰州西变电站,2#主变压器,1,27M00000018873499,18
27M00000018931973,甘肃,330kV,330kV光辉变电站,1号主变压器,1,27M00000018931973,18
27M00000019298014,甘肃,330kV,330kV成县变电站,2号主变压器,1,27M00000019298014,18
27M00000019297418,甘肃,330kV,330kV成县变电站,3号主变压器,1,27M00000019297418,18
27M00000019309774,甘肃,330kV,330kV晒金变电站,1号主变压器,1,27M00000019309774,18
27M00000020901369,甘肃,330kV,330kV金昌变电站,1号高抗A相电抗器,1,27M00000020901369,18
27M00000019298545,甘肃,330kV,330kV张掖变电站,1号电抗器,1,27M00000019298545,18
27M00000020893843,甘肃,330kV,330kV朝阳变电站,2号主变压器,1,27M00000020893843,18
27M00000020901382,甘肃,330kV,330kV金昌变电站,1号高抗C相电抗器,1,27M00000020901382,18
27M00000020901377,甘肃,330kV,330kV金昌变电站,1号高抗B相电抗器,1,27M00000020901377,18
27M00000022161974,甘肃,330kV,330kV海石湾变电站,1号主变压器,1,27M00000022161974,18
27M00000022161668,甘肃,330kV,330kV嘉峪关变电站,1号主变压器,1,27M00000022161668,18
27M00000022161678,甘肃,330kV,330kV嘉峪关变电站,2号主变压器,1,27M00000022161678,18
27M00000046968144,甘肃,330kV,330kV先锋变电站,4号主变压器,1,27M00000046968144,18
27M00000018933393,甘肃,750kV,750kV酒泉变电站,71012泉敦Ⅰ线高压C相电抗器,1,27M00000018933393,18
27M00000018495762,甘肃,750kV,750kV武胜变电站,750kV 6号电抗器,1,27M00000018495762,18
27M00000018919088,甘肃,750kV,750kV河西变电站,7109河泉Ⅱ线甲电抗器,1,27M00000018919088,18
27M00000018495759,甘肃,750kV,750kV武胜变电站,750kV 3号电抗器,1,27M00000018495759,18
27M00000018495525,甘肃,750kV,750kV兰州东变电站,#1主变压器A相,1,27M00000018495525,18
27M00000018495528,甘肃,750kV,750kV兰州东变电站,#1主变压器B相,1,27M00000018495528,18
27M00000018495568,甘肃,750kV,750kV兰州东变电站,2号B相电抗器,1,27M00000018495568,18
27M00000018495570,甘肃,750kV,750kV兰州东变电站,2号C相电抗器,1,27M00000018495570,18
27M00000018495580,甘肃,750kV,750kV兰州东变电站,3号A相电抗器,1,27M00000018495580,18
27M00000018879581,甘肃,750kV,750kV酒泉变电站,7108泉河Ⅰ线乙高压C相电抗器,1,27M00000018879581,18
27M00000018879578,甘肃,750kV,750kV酒泉变电站,7108泉河Ⅰ线乙高压电抗器,1,27M00000018879578,18
27M00000018895079,甘肃,750kV,750kV酒泉变电站,7108泉河Ⅰ线乙高压B相电抗器,1,27M00000018895079,18
27M00000018933232,甘肃,750kV,750kV酒泉变电站,1号A相主变压器,1,27M00000018933232,18
27M00000018933355,甘肃,750kV,750kV酒泉变电站,1号C相主变压器,1,27M00000018933355,18
27M00000018933357,甘肃,750kV,750kV酒泉变电站,7108泉河Ⅰ线甲高压A相电抗器,1,27M00000018933357,18
27M00000018933364,甘肃,750kV,750kV酒泉变电站,7108泉河Ⅰ线甲高压B相电抗器,1,27M00000018933364,18
27M00000018933361,甘肃,750kV,750kV酒泉变电站,7108泉河Ⅰ线甲高压C相电抗器,1,27M00000018933361,18
27M00000018495566,甘肃,750kV,750kV兰州东变电站,2号A相电抗器,1,27M00000018495566,18
27M00000018933399,甘肃,750kV,750kV酒泉变电站,71013泉敦Ⅱ线高压C相电抗器,1,27M00000018933399,18
27M00000018919137,甘肃,750kV,750kV河西变电站,7106河武Ⅰ线电抗器,1,27M00000018919137,18
27M00000018933372,甘肃,750kV,750kV酒泉变电站,71012泉敦Ⅰ线高压电抗器,1,27M00000018933372,18
27M00000018919113,甘肃,750kV,750kV河西变电站,7107河武Ⅱ线电抗器,1,27M00000018919113,18
27M00000018919115,甘肃,750kV,750kV河西变电站,7107河武Ⅱ线电抗器,1,27M00000018919115,18
27M00000018919081,甘肃,750kV,750kV河西变电站,7106河武Ⅰ线电抗器,1,27M00000018919081,18
27M00000018919143,甘肃,750kV,750kV河西变电站,7107河武Ⅱ线电抗器,1,27M00000018919143,18
27M00000018933374,甘肃,750kV,750kV酒泉变电站,71012泉敦Ⅰ线高压B相电抗器,1,27M00000018933374,18
27M00000018933381,甘肃,750kV,750kV酒泉变电站,71013泉敦Ⅱ线高压B相电抗器,1,27M00000018933381,18
27M00000019301908,甘肃,750kV,750kV酒泉变电站,7109泉河Ⅱ线乙高压电抗器,1,27M00000019301908,18
27M00000018495530,甘肃,750kV,750kV兰州东变电站,#1主变压器C相,1,27M00000018495530,18
27M00000018933349,甘肃,750kV,750kV酒泉变电站,1号B相主变压器,1,27M00000018933349,18
27M00000018933689,甘肃,750kV,750kV敦煌变电站,7104敦哈Ⅰ线高压B相电抗器,1,27M00000018933689,18
27M00000018933703,甘肃,750kV,750kV敦煌变电站,7104敦哈Ⅰ线高压C相电抗器,1,27M00000018933703,18
27M00000018933705,甘肃,750kV,750kV敦煌变电站,7105敦哈Ⅱ线路高压A相电抗器,1,27M00000018933705,18
27M00000018933696,甘肃,750kV,750kV敦煌变电站,7105敦哈Ⅱ线路高压B相电抗器,1,27M00000018933696,18
27M00000020865696,甘肃,750kV,750kV沙州变电站,71304沙鱼Ⅱ线可控高压A相电抗器,1,27M00000020865696,18
27M00000019300926,甘肃,750kV,750kV酒泉变电站,7109泉河Ⅱ线甲高压B相电抗器,1,27M00000019300926,18
27M00000019300928,甘肃,750kV,750kV酒泉变电站,7109泉河Ⅱ线甲高压C相电抗器,1,27M00000019300928,18
27M00000020865995,甘肃,750kV,750kV沙州变电站,71301沙敦Ⅰ线高压A相电抗器,1,27M00000020865995,18
27M00000019300961,甘肃,750kV,750kV酒泉变电站,7109泉河Ⅱ线甲高压电抗器,1,27M00000019300961,18
27M00000020865698,甘肃,750kV,750kV沙州变电站,71304沙鱼Ⅱ线可控高压B相电抗器,1,27M00000020865698,18
27M00000020866006,甘肃,750kV,750kV沙州变电站,71305沙烟Ⅰ线高压C相电抗器,1,27M00000020866006,18
27M00000020865686,甘肃,750kV,750kV沙州变电站,71306沙烟Ⅱ线高压A相电抗器,1,27M00000020865686,18
27M00000020866010,甘肃,750kV,750kV沙州变电站,71306沙烟Ⅱ线高压B相电抗器,1,27M00000020866010,18
27M00000020866013,甘肃,750kV,750kV沙州变电站,71306沙烟Ⅱ线高压C相电抗器,1,27M00000020866013,18
27M00000018495511,甘肃,750kV,750kV武胜变电站,2号A相主变压器,1,27M00000018495511,18
27M00000018495756,甘肃,750kV,750kV武胜变电站,750kV 6号电抗器,1,27M00000018495756,18
27M00000020865679,甘肃,750kV,750kV沙州变电站,71301沙敦Ⅰ线高压C相电抗器,1,27M00000020865679,18
27M00000020866001,甘肃,750kV,750kV沙州变电站,71305沙烟Ⅰ线高压A相电抗器,1,27M00000020866001,18
27M00000020865682,甘肃,750kV,750kV沙州变电站,71305沙烟Ⅰ线高压B相电抗器,1,27M00000020865682,18
27M00000018933717,甘肃,750kV,750kV敦煌变电站,7105敦哈Ⅱ线路高压C相电抗器,1,27M00000018933717,18
27M00000022113651,甘肃,750kV,750kV麦积山变电站,7147麦宝I线B相电抗器,1,27M00000022113651,18
27M00000044921365,甘肃,750kV,750kV酒泉变电站,2号A相主变压器,1,27M00000044921365,18
27M00000044921410,甘肃,750kV,750kV酒泉变电站,2号C相主变压器,1,27M00000044921410,18
27M00000022095250,甘肃,750kV,750kV兰州东变电站,6号B相电抗器,1,27M00000022095250,18
27M00000022113713,甘肃,750kV,750kV麦积山变电站,7148麦宝II线C相电抗器,1,27M00000022113713,18
27M00000022113648,甘肃,750kV,750kV麦积山变电站,7147麦宝I线A相电抗器,1,27M00000022113648,18
24M00000010743256,黑龙江,500kV,集贤变电站,1#C相主变压器,1,24M00000010743256,29
24M00000012433752,黑龙江,500kV,庆云变电站,1#B相主变压器,1,24M00000012433752,29
24M00000010743219,黑龙江,500kV,集贤变电站,1#B相主变压器,1,24M00000010743219,29
24M00000012481039,黑龙江,500kV,林海变电站,1#C相主变压器,1,24M00000012481039,29
24M00000012481018,黑龙江,500kV,林海变电站,1#B相主变压器,1,24M00000012481018,29
24M00000012433770,黑龙江,500kV,庆云变电站,1#C相主变压器,1,24M00000012433770,29
24M00000012887170,黑龙江,500kV,哈南变电站,5053C相电抗器,1,24M00000012887170,29
24M00000012748187,黑龙江,500kV,大庆变电站,5011B相电抗器,1,24M00000012748187,29
24M00000012491601,黑龙江,500kV,林海变电站,5023C相电抗器,1,24M00000012491601,29
24M00000012481000,黑龙江,500kV,林海变电站,1#A相主变压器,1,24M00000012481000,29
24M00000012886936,黑龙江,500kV,哈南变电站,5053A相电抗器,1,24M00000012886936,29
24M00000010862658,黑龙江,500kV,前进变电站,1#C相主变压器,1,24M00000010862658,29
24M00000010862647,黑龙江,500kV,前进变电站,1#B相主变压器,1,24M00000010862647,29
24M00000010862579,黑龙江,500kV,前进变电站,1#A相主变压器,1,24M00000010862579,29
24M00000008977770,黑龙江,500kV,松北变电站,2#B相主变压器,1,24M00000008977770,29
24M00000008977767,黑龙江,500kV,松北变电站,2#A相主变压器,1,24M00000008977767,29
24M00000012748133,黑龙江,500kV,大庆变电站,1#B相主变压器,1,24M00000012748133,29
24M00000014513621,黑龙江,500kV,兴福变电站,5043B相电抗器,1,24M00000014513621,29
24M00000014513619,黑龙江,500kV,兴福变电站,5043A相电抗器,1,24M00000014513619,29
24M00000014567522,黑龙江,500kV,永源变电站,5041C相电抗器,1,24M00000014567522,29
24M00000014567507,黑龙江,500kV,永源变电站,5041B相电抗器,1,24M00000014567507,29
24M00000014567504,黑龙江,500kV,永源变电站,5041A相电抗器,1,24M00000014567504,29
24M00000014567503,黑龙江,500kV,永源变电站,5043C相电抗器,1,24M00000014567503,29
24M00000014567456,黑龙江,500kV,永源变电站,5043B相电抗器,1,24M00000014567456,29
24M00000014567497,黑龙江,500kV,永源变电站,5043A相电抗器,1,24M00000014567497,29
24M00000014419655,黑龙江,500kV,500kV黑河换流站,02B换流变压器双极/BPA相,1,24M00000014419655,29
24M00000014419661,黑龙江,500kV,500kV黑河换流站,01B换流变压器双极/BPC相,1,24M00000014419661,29
24M00000014419638,黑龙江,500kV,500kV黑河换流站,01B换流变压器双极/BPA相,1,24M00000014419638,29
24M00000011645793,黑龙江,500kV,永源变电站,2#B相主变压器,1,24M00000011645793,29
24M00000014419603,黑龙江,500kV,500kV黑河换流站,5031KB相电抗器,1,24M00000014419603,29
24M00000011746802,黑龙江,500kV,群林变电站,5051C相电抗器,1,24M00000011746802,29
29M00000003535205,宁夏,750kV,黄河750kV变电站,750kV3号电抗器C相电抗器,1,29M00000003535205,36
29M00000003534320,宁夏,750kV,黄河750kV变电站,2号A相主变压器,1,29M00000003534320,36
29M00000007329236,宁夏,750kV,沙湖750kV变电站,3号C相主变压器,1,29M00000007329236,36
29M00000007328811,宁夏,750kV,沙湖750kV变电站,湖川Ⅱ线电抗器B相电抗器,1,29M00000007328811,36
29M00000007317156,宁夏,750kV,沙湖750kV变电站,湖川Ⅱ线电抗器A相电抗器,1,29M00000007317156,36
29M00000007328834,宁夏,750kV,沙湖750kV变电站,湖川Ⅱ线电抗器C相电抗器,1,29M00000007328834,36
29M00000007006669,宁夏,750kV,贺兰山750kV变电站,1号C相主变压器,1,29M00000007006669,36
29M00000007763486,宁夏,750kV,贺兰山750kV变电站,贺湖II线C相电抗器,1,29M00000007763486,36
29M00000007334616,宁夏,750kV,沙湖750kV变电站,湖贺I线电抗器A相电抗器,1,29M00000007334616,36
29M00000003531847,宁夏,750kV,贺兰山750kV变电站,2号主变压器B相,1,29M00000003531847,36
29M00000003534427,宁夏,750kV,黄河750kV变电站,750kV2号电抗器A相电抗器,1,29M00000003534427,36
29M00000003534371,宁夏,750kV,黄河750kV变电站,2号C相主变压器,1,29M00000003534371,36
29M00000003534454,宁夏,750kV,黄河750kV变电站,750kV2号电抗器C相电抗器,1,29M00000003534454,36
29M00000007006582,宁夏,750kV,贺兰山750kV变电站,1号B相主变压器,1,29M00000007006582,36
29M00000004403024,宁夏,330kV,甜水河330kV变电站,1号主变压器,1,29M00000004403024,36
29M00000003531727,宁夏,330kV,迎水桥330kV变电站,3号主变压器,1,29M00000003531727,36
29M00000003522197,宁夏,330kV,盐州330kV变电站,2号主变压器,1,29M00000003522197,36
29M00000003521516,宁夏,330kV,盐州330kV变电站,1号主变压器,1,29M00000003521516,36
66M00000000056237,蒙东,500kV,科尔沁500kV变电站,500kV阿科1号线A相电抗器,1,66M00000000056237,63
66M00000000056243,蒙东,500kV,科尔沁500kV变电站,500kV科沙1号线B相电抗器,1,66M00000000056243,63
66M00000012652164,蒙东,500kV,青山500kV变电站,巴青2号线C相电抗器,1,66M00000012652164,63
66M00000010881258,蒙东,500kV,海北500kV变电站,1号主变A相主变压器,1,66M00000010881258,63
66M00000010620086,蒙东,500kV,兴安500kV变电站,3号主变压器C相,1,66M00000010620086,63
66M00000010620070,蒙东,500kV,兴安500kV变电站,3号主变压器B相,1,66M00000010620070,63
66M00000000056227,蒙东,500kV,科尔沁500kV变电站,500kV科沙2号线B相电抗器,1,66M00000000056227,63
66M00000000056247,蒙东,500kV,科尔沁500kV变电站,500kV科沙2号线C相电抗器,1,66M00000000056247,63
66M00000000056224,蒙东,500kV,科尔沁500kV变电站,500kV科沙1号线A相电抗器,1,66M00000000056224,63
66M00000010618562,蒙东,500kV,科尔沁500kV变电站,1#C相主变压器,1,66M00000010618562,63
66M00000010618544,蒙东,500kV,科尔沁500kV变电站,1#B相主变压器,1,66M00000010618544,63
29M00000007184981,宁夏,750kV,黄河750kV变电站,1号A相主变压器,1,29M00000007184981,36
10M00000146404256,江苏,500kV,张家港变,1号主变B相,1,10M00000146404256,100
10M00000146404466,江苏,500kV,石牌变,1号主变,1,10M00000146404466,100
10M00000230568021,江苏,500kV,梅里变,#3主变B相,1,10M00000230568021,100
06M41336107525799,山东,500kV,500kV潍坊变电站,500kV#2母线高抗C相,1,06M41336107525799,1
06M35966581054446,山东,500kV,500kV淄川变电站,#1主变C相,1,06M35966581054446,1
06M30889831804753,山东,500kV,500kV淄川变电站,#1主变B相,1,06M30889831804753,1
06M74793366436223,山东,500kV,500kV沂蒙变电站,#2主变A相,1,06M74793366436223,1
06M39070822475361,山东,500kV,500kV聊城变电站,#2主变C相,1,06M39070822475361,1
06M22890973795978,山东,500kV,500kV临淄变电站,#3主变C相,1,06M22890973795978,1
06M81062081936095,山东,500kV,500kV聊城变电站,#3主变C相,1,06M81062081936095,1
06M75042292669316,山东,500kV,500kV聊城变电站,#1主变A相,1,06M75042292669316,1
06M53020614995746,山东,500kV,500kV栖霞变电站,#3主变B相,1,06M53020614995746,1
06M00124620093223,山东,500kV,500kV鲁中变电站,#3主变C相,1,06M00124620093223,1
06M86685350541492,山东,500kV,500kV沂蒙变电站,500kV蒙照Ⅰ线高抗B相,1,06M86685350541492,1
06M41749712295618,山东,500kV,500kV聊城变电站,#3主变B相,1,06M41749712295618,1
06M68142659767420,山东,500kV,500kV淄川变电站,#1主变A相,1,06M68142659767420,1
06M47146939953499,山东,500kV,500kV滨州变电站,黄滨Ⅰ线高抗A,1,06M47146939953499,1
06M23201847134087,山东,500kV,500kV栖霞变电站,#3主变A相,1,06M23201847134087,1
06M21584317750235,山东,500kV,500kV栖霞变电站,#3主变C相,1,06M21584317750235,1
06M15974903822272,山东,500kV,500kV鲁中变电站,#1主变C相,1,06M15974903822272,1
06M72700976674059,山东,500kV,500kV沂蒙变电站,#2主变C相,1,06M72700976674059,1
06M44811542205229,山东,500kV,500kV沂蒙变电站,#2主变B相,1,06M44811542205229,1
06M75468292294902,山东,500kV,500kV沂蒙变电站,#2主变A相,1,06M75468292294902,1
06M77524106066931,山东,500kV,500kV临淄变电站,#2主变A,1,06M77524106066931,1
06M89800792161962,山东,500kV,500kV临淄变电站,#3主变A相,1,06M89800792161962,1
06M44559205112103,山东,500kV,500kV聊城变电站,#1主变B相,1,06M44559205112103,1
06M72137807514903,山东,500kV,500kV聊城变电站,#3主变A相,1,06M72137807514903,1
06M09294358903889,山东,500kV,500kV临淄变电站,#2主变B相,1,06M09294358903889,1
06M04414037031045,山东,500kV,500kV临淄变电站,#2主变C相,1,06M04414037031045,1
06M31853558907542,山东,500kV,500kV聊城变电站,#1主变C相,1,06M31853558907542,1
06M65460397650011,山东,500kV,500kV潍坊变电站,#3主变C相,1,06M65460397650011,1
06M07438199965503,山东,500kV,500kV聊城变电站,辛聊Ⅰ线高抗B相,1,06M07438199965503,1
06M79570252209511,山东,500kV,500kV崂山变电站,#2主变B相,1,06M79570252209511,1
06M12538367961231,山东,500kV,500kV滨州变电站,黄滨Ⅰ线高抗B,1,06M12538367961231,1
06M99948691767409,山东,500kV,500kV闻韶变电站,#3主变,1,06M99948691767409,1
06M32889461726719,山东,500kV,500kV滨州变电站,黄滨Ⅰ线高抗C,1,06M32889461726719,1
06M49192021235807,山东,500kV,500kV淄川变电站,#3主变C相,1,06M49192021235807,1
06M89530526823239,山东,500kV,500kV益都变电站,#1主变B相,1,06M89530526823239,1
06M05416366539311,山东,500kV,500kV淄川变电站,#2主变A相,1,06M05416366539311,1
06M86376911467361,山东,500kV,500kV济南变电站,#3主变B相,1,06M86376911467361,1
06M74406743611190,山东,500kV,500kV大泽变电站,#2主变,1,06M74406743611190,1
06M43608167760564,山东,500kV,500kV陵县变电站,#2主变A相,1,06M43608167760564,1
06M39559664270058,山东,500kV,500kV陵县变电站,#2主变C相,1,06M39559664270058,1
06M98043460765154,山东,500kV,500kV德州变电站,#2主变A相,1,06M98043460765154,1
06M32108281247766,山东,500kV,500kV德州变电站,#3主变B相,1,06M32108281247766,1
06M87563117551865,山东,500kV,500kV德州变电站,#2主变C相,1,06M87563117551865,1
06M53941793743595,山东,500kV,500kV陵县变电站,#3主变B,1,06M53941793743595,1
06M85538946248435,山东,500kV,500kV日照变电站,#1主变C相,1,06M85538946248435,1
06M48186829465331,山东,500kV,500kV德州变电站,#2主变B相,1,06M48186829465331,1
06M19937582496430,山东,500kV,500kV德州变电站,#3主变C相,1,06M19937582496430,1
06M63954182041715,山东,500kV,500kV大泽变电站,#3主变,1,06M63954182041715,1
06M91993791944720,山东,500kV,500kV日照变电站,#1主变B相,1,06M91993791944720,1
06M32874538887692,山东,500kV,500kV淄川变电站,#3主变B相,1,06M32874538887692,1
06M84612627041053,山东,500kV,500kV光州变电站,#4主变B相,1,06M84612627041053,1
06M51253987842192,山东,500kV,500kV淄川变电站,#2主变B相,1,06M51253987842192,1
06M93485748481460,山东,500kV,500kV德州变电站,#3主变A相,1,06M93485748481460,1
06M89699233630614,山东,500kV,500kV淄川变电站,#3主变A相,1,06M89699233630614,1
06M96446045731639,山东,500kV,500kV淄川变电站,#2主变C相,1,06M96446045731639,1
06M06443889118394,山东,500kV,500kV滨州变电站,#3主变A相,1,06M06443889118394,1
06M10104455589307,山东,500kV,500kV滨州变电站,#3主变B相,1,06M10104455589307,1
06M81394004179115,山东,500kV,500kV油城变电站,#1主变B相,1,06M81394004179115,1
06M87069947023702,山东,500kV,500kV陵县变电站,#3主变A,1,06M87069947023702,1
06M18865840799122,山东,500kV,500kV陵县变电站,#3主变C,1,06M18865840799122,1
06M03124192275833,山东,500kV,500kV潍坊变电站,#3主变A相,1,06M03124192275833,1
09M99991000000578,上海,500kV,顾路,4号主变B相,1,09M99991000000578,2
09M99991000000579,上海,500kV,顾路,4号主变C相,1,09M99991000000579,2
09M99991000003129,上海,500kV,远东,4号主变A相,1,09M99991000003129,2
09M99991000003249,上海,500kV,黄渡,6号主变B,1,09M99991000003249,2
09M99991000002102,上海,500kV,南桥,2号主变B,1,09M99991000002102,2
09M99991000003117,上海,500kV,远东,3号主变C相,1,09M99991000003117,2
09M99991000003201,上海,500kV,泗泾,2号主变B相,1,09M99991000003201,2
09M99991000003223,上海,500kV,泗泾,4号主变C相,1,09M99991000003223,2
09M99991000003228,上海,500kV,黄渡,3号主变A,1,09M99991000003228,2
09M99991000003231,上海,500kV,黄渡,3号主变B,1,09M99991000003231,2
09M99991000003237,上海,500kV,黄渡,4号主变A,1,09M99991000003237,2
09M99991000003246,上海,500kV,黄渡,6号主变A,1,09M99991000003246,2
09M99991000000376,上海,500kV,杨高,3号主变A相,1,09M99991000000376,2
09M99991000000572,上海,500kV,杨高,2号主变A相,1,09M99991000000572,2
09M99991000000573,上海,500kV,杨高,2号主变B相,1,09M99991000000573,2
09M99991000000574,上海,500kV,杨高,2号主变C相,1,09M99991000000574,2
09M99991000002053,上海,500kV,新余,1号主变A相,1,09M99991000002053,2
09M99991000002056,上海,500kV,新余,1号主变B相,1,09M99991000002056,2
09M99991000002059,上海,500kV,新余,1号主变C相,1,09M99991000002059,2
09M99991000002062,上海,500kV,新余,6号主变A相,1,09M99991000002062,2
09M99991000002065,上海,500kV,新余,6号主变B相,1,09M99991000002065,2
09M99991000002068,上海,500kV,新余,6号主变C相,1,09M99991000002068,2
09M99991000002090,上海,500kV,南桥,1号主变A,1,09M99991000002090,2
09M99991000000553,上海,500kV,顾路,2号主变C相,1,09M99991000000553,2
09M99991000003216,上海,500kV,泗泾,4号主变A相,1,09M99991000003216,2
09M99991000003234,上海,500kV,黄渡,3号主变C,1,09M99991000003234,2
09M99991000003252,上海,500kV,黄渡,6号主变C,1,09M99991000003252,2
09M99991000000577,上海,500kV,顾路,4号主变A相,1,09M99991000000577,2
09M99991000002105,上海,500kV,南桥,2号主变C,1,09M99991000002105,2
09M99991000003111,上海,500kV,远东,3号主变A相,1,09M99991000003111,2
09M99991000003114,上海,500kV,远东,3号主变B相,1,09M99991000003114,2
09M99991000003132,上海,500kV,远东,4号主变B相,1,09M99991000003132,2
09M99991000003135,上海,500kV,远东,4号主变C相,1,09M99991000003135,2
09M99991000003240,上海,500kV,黄渡,4号主变B,1,09M99991000003240,2
09M99991000003243,上海,500kV,黄渡,4号主变C,1,09M99991000003243,2
09M99991000002210,上海,500kV,顾路,3号主变A相,1,09M99991000002210,2
22M00000023501076,辽宁,500kV,金家500kV变电站,#1主变B相主变压器,1,22M00000023501076,7
22M00000022375824,辽宁,500kV,南关岭500kV变电站,＃1C相主变压器,1,22M00000022375824,7
22M00000026170930,辽宁,500kV,丹东北500kV变电站,2#C相主变压器,1,22M00000026170930,7
22M00000026170918,辽宁,500kV,丹东北500kV变电站,1#A相主变压器,1,22M00000026170918,7
22M00000026170921,辽宁,500kV,丹东北500kV变电站,1#B相主变压器,1,22M00000026170921,7
22M00000026170933,辽宁,500kV,丹东北500kV变电站,1#C相主变压器,1,22M00000026170933,7
22M00000026170928,辽宁,500kV,丹东北500kV变电站,2#B相主变压器,1,22M00000026170928,7
22M00000023487277,辽宁,500kV,±500kV穆家换流站,012A换流变压器极I/PIA相,1,22M00000023487277,7
22M00000023487343,辽宁,500kV,±500kV穆家换流站,011B换流变压器极I/PIB相,1,22M00000023487343,7
22M00000026204464,辽宁,500kV,张台500kV变电站,#4C相主变压器,1,22M00000026204464,7
22M00000023487364,辽宁,500kV,±500kV穆家换流站,021C换流变压器极II/PIIC相,1,22M00000023487364,7
22M00000022375818,辽宁,500kV,南关岭500kV变电站,＃1A相主变压器,1,22M00000022375818,7
22M00000023487320,辽宁,500kV,±500kV穆家换流站,022A换流变压器极II/PIIA相,1,22M00000023487320,7
06M58208756566089,山东,500kV,500kV油城变电站,#2主变C相,1,06M58208756566089,1
06M84788041214622,山东,500kV,500kV聊城变电站,辛聊Ⅰ线高抗C相,1,06M84788041214622,1
06M75331721591630,山东,500kV,500kV滨州变电站,#2主变A相,1,06M75331721591630,1
06M82550699339752,山东,500kV,500kV闻韶变电站,#2主变,1,06M82550699339752,1
06M96572032959893,山东,500kV,500kV滨州变电站,#2主变C相,1,06M96572032959893,1
06M47760429697435,山东,500kV,500kV滨州变电站,#2主变B,1,06M47760429697435,1
06M10462118344222,山东,500kV,500kV油城变电站,#2主变A相,1,06M10462118344222,1
06M71314174070351,山东,500kV,500kV岱宗变电站,#3主变,1,06M71314174070351,1
06M78515518648199,山东,500kV,500kV聊城变电站,辛聊Ⅰ线高抗A相,1,06M78515518648199,1
06M93998538851592,山东,500kV,500kV鲁中变电站,#3主变B相,1,06M93998538851592,1
06M81612657629215,山东,500kV,500kV海口变电站,#2主变B,1,06M81612657629215,1
06M78136743063334,山东,500kV,500kV岱宗变电站,500kV郓岱线高抗A相,1,06M78136743063334,1
06M78400936434956,山东,500kV,500kV油城变电站,#2主变B相,1,06M78400936434956,1
06M17582685709540,山东,500kV,500kV鲁中变电站,#1主变B相,1,06M17582685709540,1
06M84489900369911,山东,500kV,1000kV泉城变电站,#1主变压器C,1,06M84489900369911,1
15M00000013776563,湖北,500kV,咸宁变电站,咸#1A相主变压器,1,15M00000013776563,0
03M40000007424471,天津,500kV,板桥,2#A相主变压器,1,03M40000007424471,0
15M00000021061109,湖北,500kV,玉贤变电站,玉#2A相主变,1,15M00000021061109,0
15M00000014982268,湖北,500kV,道观河变电站,道2MDKB相电抗器,1,15M00000014982268,0
15M00000014982298,湖北,500kV,道观河变电站,道2MDKC相电抗器,1,15M00000014982298,0
15M00000016304870,湖北,500kV,柏泉变电站,泉#3B相主变压器,1,15M00000016304870,0
15M00000021061203,湖北,500kV,玉贤变电站,玉#2B相主变,1,15M00000021061203,0
15M00000014982283,湖北,500kV,道观河变电站,道2MDKA相电抗器,1,15M00000014982283,0
15M00000021061218,湖北,500kV,玉贤变电站,玉#2C相主变,1,15M00000021061218,0
17M00000012890166,河南,500kV,灵宝换流站,021B换流变压器极II/PIIA相,1,17M00000012890166,0
17M00000012890041,河南,500kV,灵宝换流站,021B换流变压器极II/PIIC相,1,17M00000012890041,0
17M00012304442839,河南,500kV,灵宝换流站,021B换流变压器极II/PII备用相,1,17M00012304442839,0
17M00000035079213,河南,500kV,濮阳500kV卫都变电站,卫2号A相主变压器,1,17M00000035079213,0
17M00000035079220,河南,500kV,濮阳500kV卫都变电站,卫2号C相主变压器,1,17M00000035079220,0
17M00000012890538,河南,500kV,灵宝换流站,021B换流变压器极II/PIIB相,1,17M00000012890538,0
20M00000014820946,重庆,500kV,500kV思源变电站,2#主变B相变压器,1,20M00000014820946,0
20M00000014855036,重庆,500kV,500kV万县变电站,5041B相电抗器,1,20M00000014855036,0
20M00000014790304,重庆,500kV,500kV板桥变电站,2#主变C相变压器,1,20M00000014790304,0
20M00000014809904,重庆,500kV,500kV圣泉变电站,2#主变A相变压器,1,20M00000014809904,0
20M00000014858815,重庆,500kV,500kV万县变电站,5033B相电抗器,1,20M00000014858815,0
20M00000014855251,重庆,500kV,500kV万县变电站,5031C相电抗器,1,20M00000014855251,0
20M00000014854432,重庆,500kV,500kV万县变电站,2#主变B相变压器,1,20M00000014854432,0
20M00000014854481,重庆,500kV,500kV万县变电站,1#主变C相变压器,1,20M00000014854481,0
20M00000014812717,重庆,500kV,500kV圣泉变电站,3#主变A相变压器,1,20M00000014812717,0
20M00000014854435,重庆,500kV,500kV万县变电站,1#主变B相变压器,1,20M00000014854435,0
20M00000014758880,重庆,500kV,500kV长寿变电站,2#主变A相变压器,1,20M00000014758880,0
20M00000014758899,重庆,500kV,500kV长寿变电站,2#主变C相变压器,1,20M00000014758899,0
20M00000014759298,重庆,500kV,500kV长寿变电站,5051C相电抗器,1,20M00000014759298,0
03M40000005698723,天津,500kV,吴庄,5B相主变压器,1,03M40000005698723,0
03M40000007162885,天津,500kV,滨海,2#A相主变压器,1,03M40000007162885,0
03M40000007165761,天津,500kV,滨海,3#B相主变压器,1,03M40000007165761,0
03M40000007424514,天津,500kV,板桥,2#B相主变压器,1,03M40000007424514,0
03M40000007425568,天津,500kV,板桥,2#C相主变压器,1,03M40000007425568,0
03M40000007162828,天津,500kV,滨海,2#C相主变压器,1,03M40000007162828,0
03M40000007425722,天津,500kV,板桥,52DK并联电抗器B相,1,03M40000007425722,0
03M40000007433348,天津,500kV,板桥,3#A相主变压器,1,03M40000007433348,0
03M40000006230949,天津,500kV,芦台,2号主变压器A相,1,03M40000006230949,0
03M40000006230952,天津,500kV,芦台,2号主变压器B相,1,03M40000006230952,0
03M40000006230961,天津,500kV,芦台,3号主变压器A相,1,03M40000006230961,0
03M40000006230967,天津,500kV,芦台,3号主变压器C相,1,03M40000006230967,0
03M40000006232816,天津,500kV,芦台,52DK并联电抗器B相,1,03M40000006232816,0
03M40000006230964,天津,500kV,芦台,3号主变压器B相,1,03M40000006230964,0
03M40000006232819,天津,500kV,芦台,52DK并联电抗器C相,1,03M40000006232819,0
03M40000007162245,天津,500kV,吴庄,2#B相主变压器,1,03M40000007162245,0
03M40000007162248,天津,500kV,吴庄,2#C相主变压器,1,03M40000007162248,0
03M40000007162803,天津,500kV,滨海,3#C相主变压器,1,03M40000007162803,0
03M40000007425724,天津,500kV,板桥,52DK并联电抗器C相,1,03M40000007425724,0
03M40000006918484,天津,500kV,北郊,3#B相主变压器,1,03M40000006918484,0
03M40000007425633,天津,500kV,板桥,3#B相主变压器,1,03M40000007425633,0
03M40000006918545,天津,500kV,北郊,3#C相主变压器,1,03M40000006918545,0
15M00000014402105,湖北,500kV,斗笠变电站,斗孝Ⅰ回斗5063B相电抗器,1,15M00000014402105,0
